{"indexes":[{"v":{"$numberInt":"2"},"key":{"_id":{"$numberInt":"1"}},"name":"_id_"},{"v":{"$numberInt":"2"},"key":{"username":{"$numberInt":"1"},"orgCode":{"$numberInt":"2"},"date":{"$numberInt":"3"}},"name":"username_1_orgCode_2_date_3","background":true,"unique":true},{"v":{"$numberInt":"2"},"key":{"action":{"$numberInt":"1"},"username":{"$numberInt":"2"},"orgCode":{"$numberInt":"3"},"date":{"$numberInt":"4"}},"name":"action_1_username_2_orgCode_3_date_4","background":true,"unique":true}],"uuid":"baf8366dcae34810aeffadb6b4dbbd2a","collectionName":"Billing","type":"collection"}