{"indexes":[{"v":{"$numberInt":"2"},"key":{"_id":{"$numberInt":"1"}},"name":"_id_"},{"v":{"$numberInt":"2"},"key":{"createdAt":{"$numberInt":"1"}},"name":"createdAt_1","background":true},{"v":{"$numberInt":"2"},"key":{"mappingName":{"$numberInt":"1"}},"name":"mappingName_1","background":true,"unique":true},{"v":{"$numberInt":"2"},"key":{"mappingType":{"$numberInt":"1"}},"name":"mappingType_1","background":true}],"uuid":"88eb4f53a81b41d9a528806ab8060810","collectionName":"MappingConfig","type":"collection"}